Email,Name,CreditScore,CreditLines,MaskedPhoneNumber
bbjhbjhbjb@gmail.com,jknjknjknjkna,1,87878,87897867867
knknknkn@hmail.com,mklmklmkmklm,2,676567,67576576
nncnnnn@gmailcom,mkmkm,3,6565,687676
jdhehdhewh@gmail.com,mdmmdm md,4,67675,76767676
kjnjknjnjn@gmail.com,mklmkmmmmdmm,5,676767,7677776767
kjnjknjnjn@gmail.com,mklmkmmmmdmm,6,676767,7677776767
kjnjknjnjn@gmail.com,mklmkmmmmdmm,7,676767,7677776767
kjnjknjnjn@gmail.com,mklmkmmmmdmm,8,676767,7677776767
kjnjknjnjn@gmail.com,mklmkmmmmdmm,9,676767,7677776767
kjnjknjnjn@gmail.com,mklmkmmmmdmm,10,676767,7677776767
kjnjknjnjn@gmail.com,mklmkmmmmdmm,11,676767,7677776767
kjnjknjnjn@gmail.com,mklmkmmmmdmm,12,676767,7677776767
kjnjknjnjn@gmail.com,mklmkmmmmdmm,13,676767,7677776767
kjnjknjnjn@gmail.com,mklmkmmmmdmm,14,676767,7677776767
kjnjknjnjn@gmail.com,mklmkmmmmdmm,15,676767,7677776767
kjnjknjnjn@gmail.com,mklmkmmmmdmm,16,676767,7677776767
kjnjknjnjn@gmail.com,mklmkmmmmdmm,17,676767,7677776767
kjnjknjnjn@gmail.com,mklmkmmmmdmm,18,676767,7677776767
kjnjknjnjn@gmail.com,mklmkmmmmdmm,19,676767,7677776767
kjnjknjnjn@gmail.com,mklmkmmmmdmm,20,676767,7677776767
kjnjknjnjn@gmail.com,mklmkmmmmdmm,21,676767,7677776767
kjnjknjnjn@gmail.com,mklmkmmmmdmm,22,676767,7677776767
kjnjknjnjn@gmail.com,mklmkmmmmdmm,23,676767,7677776767
kjnjknjnjn@gmail.com,mklmkmmmmdmm,24,676767,7677776767
kjnjknjnjn@gmail.com,mklmkmmmmdmm,25,676767,7677776767
kjnjknjnjn@gmail.com,mklmkmmmmdmm,26,676767,7677776767
kjnjknjnjn@gmail.com,mklmkmmmmdmm,27,676767,7677776767
kjnjknjnjn@gmail.com,mklmkmmmmdmm,28,676767,7677776767
kjnjknjnjn@gmail.com,mklmkmmmmdmm,29,676767,7677776767
kjnjknjnjn@gmail.com,mklmkmmmmdmm,30,676767,7677776767
kjnjknjnjn@gmail.com,mklmkmmmmdmm,31,676767,7677776767
kjnjknjnjn@gmail.com,mklmkmmmmdmm,32,676767,7677776767
kjnjknjnjn@gmail.com,mklmkmmmmdmm,7867,676767,7677776767
kjnjknjnjn@gmail.com,mklmkmmmmdmm,7867,676767,7677776767
kjnjknjnjn@gmail.com,mklmkmmmmdmm,7867,676767,7677776767
kjnjknjnjn@gmail.com,mklmkmmmmdmm,7867,676767,7677776767
kjnjknjnjn@gmail.com,mklmkmmmmdmm,7867,676767,7677776767
kjnjknjnjn@gmail.com,mklmkmmmmdmm,7867,676767,7677776767
kjnjknjnjn@gmail.com,mklmkmmmmdmm,7867,676767,7677776767
kjnjknjnjn@gmail.com,mklmkmmmmdmm,7867,676767,7677776767
kjnjknjnjn@gmail.com,mklmkmmmmdmm,7867,676767,7677776767
kjnjknjnjn@gmail.com,mklmkmmmmdmm,7867,676767,7677776767
kjnjknjnjn@gmail.com,mklmkmmmmdmm,7867,676767,7677776767
kjnjknjnjn@gmail.com,mklmkmmmmdmm,7867,676767,7677776767
kjnjknjnjn@gmail.com,mklmkmmmmdmm,7867,676767,7677776767
kjnjknjnjn@gmail.com,mklmkmmmmdmm,7867,676767,7677776767
kjnjknjnjn@gmail.com,mklmkmmmmdmm,7867,676767,7677776767
kjnjknjnjn@gmail.com,mklmkmmmmdmm,7867,676767,7677776767
kjnjknjnjn@gmail.com,mklmkmmmmdmm,7867,676767,7677776767
kjnjknjnjn@gmail.com,mklmkmmmmdmm,7867,676767,7677776767
kjnjknjnjn@gmail.com,mklmkmmmmdmm,7867,676767,7677776767
kjnjknjnjn@gmail.com,mklmkmmmmdmm,7867,676767,7677776767
kjnjknjnjn@gmail.com,mklmkmmmmdmm,7867,676767,7677776767
kjnjknjnjn@gmail.com,mklmkmmmmdmm,7867,676767,7677776767
kjnjknjnjn@gmail.com,mklmkmmmmdmm,7867,676767,7677776767
kjnjknjnjn@gmail.com,mklmkmmmmdmm,7867,676767,7677776767
kjnjknjnjn@gmail.com,mklmkmmmmdmm,7867,676767,7677776767
kjnjknjnjn@gmail.com,mklmkmmmmdmm,7867,676767,7677776767
kjnjknjnjn@gmail.com,mklmkmmmmdmm,7867,676767,7677776767
kjnjknjnjn@gmail.com,mklmkmmmmdmm,7867,676767,7677776767
kjnjknjnjn@gmail.com,mklmkmmmmdmm,7867,676767,7677776767
kjnjknjnjn@gmail.com,mklmkmmmmdmm,7867,676767,7677776767
kjnjknjnjn@gmail.com,mklmkmmmmdmm,7867,676767,7677776767
kjnjknjnjn@gmail.com,mklmkmmmmdmm,7867,676767,7677776767
kjnjknjnjn@gmail.com,mklmkmmmmdmm,7867,676767,7677776767
kjnjknjnjn@gmail.com,mklmkmmmmdmm,7867,676767,7677776767
kjnjknjnjn@gmail.com,mklmkmmmmdmm,7867,676767,7677776767
kjnjknjnjn@gmail.com,mklmkmmmmdmm,7867,676767,7677776767
kjnjknjnjn@gmail.com,mklmkmmmmdmm,7867,676767,7677776767
kjnjknjnjn@gmail.com,mklmkmmmmdmm,7867,676767,7677776767
kjnjknjnjn@gmail.com,mklmkmmmmdmm,7867,676767,7677776767
kjnjknjnjn@gmail.com,mklmkmmmmdmm,7867,676767,7677776767
kjnjknjnjn@gmail.com,mklmkmmmmdmm,7867,676767,7677776767
kjnjknjnjn@gmail.com,mklmkmmmmdmm,7867,676767,7677776767
kjnjknjnjn@gmail.com,mklmkmmmmdmm,7867,676767,7677776767
kjnjknjnjn@gmail.com,mklmkmmmmdmm,7867,676767,7677776767
kjnjknjnjn@gmail.com,mklmkmmmmdmm,7867,676767,7677776767
kjnjknjnjn@gmail.com,mklmkmmmmdmm,7867,676767,7677776767
kjnjknjnjn@gmail.com,mklmkmmmmdmm,7867,676767,7677776767
kjnjknjnjn@gmail.com,mklmkmmmmdmm,7867,676767,7677776767
kjnjknjnjn@gmail.com,mklmkmmmmdmm,7867,676767,7677776767
kjnjknjnjn@gmail.com,mklmkmmmmdmm,7867,676767,7677776767
kjnjknjnjn@gmail.com,mklmkmmmmdmm,7867,676767,7677776767
kjnjknjnjn@gmail.com,mklmkmmmmdmm,7867,676767,7677776767
kjnjknjnjn@gmail.com,mklmkmmmmdmm,7867,676767,7677776767
kjnjknjnjn@gmail.com,mklmkmmmmdmm,7867,676767,7677776767
kjnjknjnjn@gmail.com,mklmkmmmmdmm,7867,676767,7677776767
kjnjknjnjn@gmail.com,mklmkmmmmdmm,7867,676767,7677776767
kjnjknjnjn@gmail.com,mklmkmmmmdmm,7867,676767,7677776767
kjnjknjnjn@gmail.com,mklmkmmmmdmm,7867,676767,7677776767
kjnjknjnjn@gmail.com,mklmkmmmmdmm,7867,676767,7677776767
kjnjknjnjn@gmail.com,mklmkmmmmdmm,7867,676767,7677776767
kjnjknjnjn@gmail.com,mklmkmmmmdmm,7867,676767,7677776767
kjnjknjnjn@gmail.com,mklmkmmmmdmm,7867,676767,7677776767
kjnjknjnjn@gmail.com,mklmkmmmmdmm,7867,676767,7677776767
kjnjknjnjn@gmail.com,mklmkmmmmdmm,7867,676767,7677776767
kjnjknjnjn@gmail.com,mklmkmmmmdmm,7867,676767,7677776767
kjnjknjnjn@gmail.com,mklmkmmmmdmm,7867,676767,7677776767
kjnjknjnjn@gmail.com,mklmkmmmmdmm,7867,676767,7677776767
kjnjknjnjn@gmail.com,mklmkmmmmdmm,7867,676767,7677776767
kjnjknjnjn@gmail.com,mklmkmmmmdmm,7867,676767,7677776767
kjnjknjnjn@gmail.com,mklmkmmmmdmm,7867,676767,7677776767
kjnjknjnjn@gmail.com,mklmkmmmmdmm,7867,676767,7677776767
kjnjknjnjn@gmail.com,mklmkmmmmdmm,7867,676767,7677776767
kjnjknjnjn@gmail.com,mklmkmmmmdmm,7867,676767,7677776767
kjnjknjnjn@gmail.com,mklmkmmmmdmm,7867,676767,7677776767
kjnjknjnjn@gmail.com,mklmkmmmmdmm,7867,676767,7677776767
kjnjknjnjn@gmail.com,mklmkmmmmdmm,7867,676767,7677776767
kjnjknjnjn@gmail.com,mklmkmmmmdmm,7867,676767,7677776767
kjnjknjnjn@gmail.com,mklmkmmmmdmm,7867,676767,7677776767
kjnjknjnjn@gmail.com,mklmkmmmmdmm,7867,676767,7677776767
kjnjknjnjn@gmail.com,mklmkmmmmdmm,7867,676767,7677776767
kjnjknjnjn@gmail.com,mklmkmmmmdmm,7867,676767,7677776767
kjnjknjnjn@gmail.com,mklmkmmmmdmm,7867,676767,7677776767
kjnjknjnjn@gmail.com,mklmkmmmmdmm,7867,676767,7677776767
kjnjknjnjn@gmail.com,mklmkmmmmdmm,7867,676767,7677776767
kjnjknjnjn@gmail.com,mklmkmmmmdmm,7867,676767,7677776767
kjnjknjnjn@gmail.com,mklmkmmmmdmm,7867,676767,7677776767
kjnjknjnjn@gmail.com,mklmkmmmmdmm,7867,676767,7677776767
kjnjknjnjn@gmail.com,mklmkmmmmdmm,7867,676767,7677776767
kjnjknjnjn@gmail.com,mklmkmmmmdmm,7867,676767,7677776767
kjnjknjnjn@gmail.com,mklmkmmmmdmm,7867,676767,7677776767
kjnjknjnjn@gmail.com,mklmkmmmmdmm,7867,676767,7677776767
kjnjknjnjn@gmail.com,mklmkmmmmdmm,7867,676767,7677776767
kjnjknjnjn@gmail.com,mklmkmmmmdmm,7867,676767,7677776767
kjnjknjnjn@gmail.com,mklmkmmmmdmm,7867,676767,7677776767
kjnjknjnjn@gmail.com,mklmkmmmmdmm,7867,676767,7677776767
kjnjknjnjn@gmail.com,mklmkmmmmdmm,7867,676767,7677776767
kjnjknjnjn@gmail.com,mklmkmmmmdmm,7867,676767,7677776767
kjnjknjnjn@gmail.com,mklmkmmmmdmm,7867,676767,7677776767
kjnjknjnjn@gmail.com,mklmkmmmmdmm,7867,676767,7677776767
kjnjknjnjn@gmail.com,mklmkmmmmdmm,7867,676767,7677776767
kjnjknjnjn@gmail.com,mklmkmmmmdmm,7867,676767,7677776767
kjnjknjnjn@gmail.com,mklmkmmmmdmm,7867,676767,7677776767
kjnjknjnjn@gmail.com,mklmkmmmmdmm,7867,676767,7677776767
kjnjknjnjn@gmail.com,mklmkmmmmdmm,7867,676767,7677776767
kjnjknjnjn@gmail.com,mklmkmmmmdmm,7867,676767,7677776767
kjnjknjnjn@gmail.com,mklmkmmmmdmm,7867,676767,7677776767
kjnjknjnjn@gmail.com,mklmkmmmmdmm,7867,676767,7677776767
kjnjknjnjn@gmail.com,mklmkmmmmdmm,7867,676767,7677776767
kjnjknjnjn@gmail.com,mklmkmmmmdmm,7867,676767,7677776767
kjnjknjnjn@gmail.com,mklmkmmmmdmm,7867,676767,7677776767
kjnjknjnjn@gmail.com,mklmkmmmmdmm,7867,676767,7677776767
kjnjknjnjn@gmail.com,mklmkmmmmdmm,7867,676767,7677776767
kjnjknjnjn@gmail.com,mklmkmmmmdmm,7867,676767,7677776767
kjnjknjnjn@gmail.com,mklmkmmmmdmm,7867,676767,7677776767
kjnjknjnjn@gmail.com,mklmkmmmmdmm,7867,676767,7677776767
kjnjknjnjn@gmail.com,mklmkmmmmdmm,7867,676767,7677776767
kjnjknjnjn@gmail.com,mklmkmmmmdmm,7867,676767,7677776767
kjnjknjnjn@gmail.com,mklmkmmmmdmm,7867,676767,7677776767
kjnjknjnjn@gmail.com,mklmkmmmmdmm,7867,676767,7677776767
kjnjknjnjn@gmail.com,mklmkmmmmdmm,7867,676767,7677776767
kjnjknjnjn@gmail.com,mklmkmmmmdmm,7867,676767,7677776767
kjnjknjnjn@gmail.com,mklmkmmmmdmm,7867,676767,7677776767
kjnjknjnjn@gmail.com,mklmkmmmmdmm,7867,676767,7677776767
kjnjknjnjn@gmail.com,mklmkmmmmdmm,7867,676767,7677776767
kjnjknjnjn@gmail.com,mklmkmmmmdmm,7867,676767,7677776767
kjnjknjnjn@gmail.com,mklmkmmmmdmm,7867,676767,7677776767
kjnjknjnjn@gmail.com,mklmkmmmmdmm,7867,676767,7677776767
kjnjknjnjn@gmail.com,mklmkmmmmdmm,7867,676767,7677776767
kjnjknjnjn@gmail.com,mklmkmmmmdmm,7867,676767,7677776767
kjnjknjnjn@gmail.com,mklmkmmmmdmm,7867,676767,7677776767
kjnjknjnjn@gmail.com,mklmkmmmmdmm,7867,676767,7677776767
kjnjknjnjn@gmail.com,mklmkmmmmdmm,7867,676767,7677776767
kjnjknjnjn@gmail.com,mklmkmmmmdmm,7867,676767,7677776767
kjnjknjnjn@gmail.com,mklmkmmmmdmm,7867,676767,7677776767
kjnjknjnjn@gmail.com,mklmkmmmmdmm,7867,676767,7677776767
kjnjknjnjn@gmail.com,mklmkmmmmdmm,7867,676767,7677776767
kjnjknjnjn@gmail.com,mklmkmmmmdmm,7867,676767,7677776767
kjnjknjnjn@gmail.com,mklmkmmmmdmm,7867,676767,7677776767
kjnjknjnjn@gmail.com,mklmkmmmmdmm,7867,676767,7677776767
kjnjknjnjn@gmail.com,mklmkmmmmdmm,7867,676767,7677776767
kjnjknjnjn@gmail.com,mklmkmmmmdmm,7867,676767,7677776767
kjnjknjnjn@gmail.com,mklmkmmmmdmm,7867,676767,7677776767
kjnjknjnjn@gmail.com,mklmkmmmmdmm,7867,676767,7677776767
kjnjknjnjn@gmail.com,mklmkmmmmdmm,7867,676767,7677776767
kjnjknjnjn@gmail.com,mklmkmmmmdmm,7867,676767,7677776767
kjnjknjnjn@gmail.com,mklmkmmmmdmm,7867,676767,7677776767
kjnjknjnjn@gmail.com,mklmkmmmmdmm,7867,676767,7677776767
kjnjknjnjn@gmail.com,mklmkmmmmdmm,7867,676767,7677776767
kjnjknjnjn@gmail.com,mklmkmmmmdmm,7867,676767,7677776767
kjnjknjnjn@gmail.com,mklmkmmmmdmm,7867,676767,7677776767
kjnjknjnjn@gmail.com,mklmkmmmmdmm,7867,676767,7677776767
kjnjknjnjn@gmail.com,mklmkmmmmdmm,7867,676767,7677776767
kjnjknjnjn@gmail.com,mklmkmmmmdmm,7867,676767,7677776767
kjnjknjnjn@gmail.com,mklmkmmmmdmm,7867,676767,7677776767
kjnjknjnjn@gmail.com,mklmkmmmmdmm,7867,676767,7677776767
kjnjknjnjn@gmail.com,mklmkmmmmdmm,7867,676767,7677776767
kjnjknjnjn@gmail.com,mklmkmmmmdmm,7867,676767,7677776767
kjnjknjnjn@gmail.com,mklmkmmmmdmm,7867,676767,7677776767
kjnjknjnjn@gmail.com,mklmkmmmmdmm,7867,676767,7677776767
kjnjknjnjn@gmail.com,mklmkmmmmdmm,7867,676767,7677776767
kjnjknjnjn@gmail.com,mklmkmmmmdmm,7867,676767,7677776767
kjnjknjnjn@gmail.com,mklmkmmmmdmm,7867,676767,7677776767
kjnjknjnjn@gmail.com,mklmkmmmmdmm,7867,676767,7677776767
kjnjknjnjn@gmail.com,mklmkmmmmdmm,7867,676767,7677776767
kjnjknjnjn@gmail.com,mklmkmmmmdmm,7867,676767,7677776767
kjnjknjnjn@gmail.com,mklmkmmmmdmm,7867,676767,7677776767
kjnjknjnjn@gmail.com,mklmkmmmmdmm,7867,676767,7677776767
kjnjknjnjn@gmail.com,mklmkmmmmdmm,7867,676767,7677776767
kjnjknjnjn@gmail.com,mklmkmmmmdmm,7867,676767,7677776767
kjnjknjnjn@gmail.com,mklmkmmmmdmm,7867,676767,7677776767
kjnjknjnjn@gmail.com,mklmkmmmmdmm,7867,676767,7677776767
kjnjknjnjn@gmail.com,mklmkmmmmdmm,7867,676767,7677776767
kjnjknjnjn@gmail.com,mklmkmmmmdmm,7867,676767,7677776767
kjnjknjnjn@gmail.com,mklmkmmmmdmm,7867,676767,7677776767
kjnjknjnjn@gmail.com,mklmkmmmmdmm,7867,676767,7677776767
kjnjknjnjn@gmail.com,mklmkmmmmdmm,7867,676767,7677776767
kjnjknjnjn@gmail.com,mklmkmmmmdmm,7867,676767,7677776767
kjnjknjnjn@gmail.com,mklmkmmmmdmm,7867,676767,7677776767
kjnjknjnjn@gmail.com,mklmkmmmmdmm,7867,676767,7677776767
kjnjknjnjn@gmail.com,mklmkmmmmdmm,7867,676767,7677776767
kjnjknjnjn@gmail.com,mklmkmmmmdmm,7867,676767,7677776767
kjnjknjnjn@gmail.com,mklmkmmmmdmm,7867,676767,7677776767
kjnjknjnjn@gmail.com,mklmkmmmmdmm,7867,676767,7677776767
kjnjknjnjn@gmail.com,mklmkmmmmdmm,7867,676767,7677776767
kjnjknjnjn@gmail.com,mklmkmmmmdmm,7867,676767,7677776767
kjnjknjnjn@gmail.com,mklmkmmmmdmm,7867,676767,7677776767
kjnjknjnjn@gmail.com,mklmkmmmmdmm,7867,676767,7677776767
kjnjknjnjn@gmail.com,mklmkmmmmdmm,7867,676767,7677776767
kjnjknjnjn@gmail.com,mklmkmmmmdmm,7867,676767,7677776767
kjnjknjnjn@gmail.com,mklmkmmmmdmm,7867,676767,7677776767
kjnjknjnjn@gmail.com,mklmkmmmmdmm,7867,676767,7677776767
kjnjknjnjn@gmail.com,mklmkmmmmdmm,7867,676767,7677776767
kjnjknjnjn@gmail.com,mklmkmmmmdmm,7867,676767,7677776767
kjnjknjnjn@gmail.com,mklmkmmmmdmm,7867,676767,7677776767
kjnjknjnjn@gmail.com,mklmkmmmmdmm,7867,676767,7677776767
kjnjknjnjn@gmail.com,mklmkmmmmdmm,7867,676767,7677776767
kjnjknjnjn@gmail.com,mklmkmmmmdmm,7867,676767,7677776767
kjnjknjnjn@gmail.com,mklmkmmmmdmm,7867,676767,7677776767
kjnjknjnjn@gmail.com,mklmkmmmmdmm,7867,676767,7677776767
kjnjknjnjn@gmail.com,mklmkmmmmdmm,7867,676767,7677776767
kjnjknjnjn@gmail.com,mklmkmmmmdmm,7867,676767,7677776767
kjnjknjnjn@gmail.com,mklmkmmmmdmm,7867,676767,7677776767
kjnjknjnjn@gmail.com,mklmkmmmmdmm,7867,676767,7677776767
kjnjknjnjn@gmail.com,mklmkmmmmdmm,7867,676767,7677776767
kjnjknjnjn@gmail.com,mklmkmmmmdmm,7867,676767,7677776767
kjnjknjnjn@gmail.com,mklmkmmmmdmm,7867,676767,7677776767
kjnjknjnjn@gmail.com,mklmkmmmmdmm,7867,676767,7677776767
kjnjknjnjn@gmail.com,mklmkmmmmdmm,7867,676767,7677776767
kjnjknjnjn@gmail.com,mklmkmmmmdmm,7867,676767,7677776767
kjnjknjnjn@gmail.com,mklmkmmmmdmm,7867,676767,7677776767
kjnjknjnjn@gmail.com,mklmkmmmmdmm,7867,676767,7677776767
kjnjknjnjn@gmail.com,mklmkmmmmdmm,7867,676767,7677776767
kjnjknjnjn@gmail.com,mklmkmmmmdmm,7867,676767,7677776767
kjnjknjnjn@gmail.com,mklmkmmmmdmm,7867,676767,7677776767
kjnjknjnjn@gmail.com,mklmkmmmmdmm,7867,676767,7677776767
kjnjknjnjn@gmail.com,mklmkmmmmdmm,7867,676767,7677776767
kjnjknjnjn@gmail.com,mklmkmmmmdmm,7867,676767,7677776767
kjnjknjnjn@gmail.com,mklmkmmmmdmm,7867,676767,7677776767
kjnjknjnjn@gmail.com,mklmkmmmmdmm,7867,676767,7677776767
kjnjknjnjn@gmail.com,mklmkmmmmdmm,7867,676767,7677776767
kjnjknjnjn@gmail.com,mklmkmmmmdmm,7867,676767,7677776767
kjnjknjnjn@gmail.com,mklmkmmmmdmm,7867,676767,7677776767
kjnjknjnjn@gmail.com,mklmkmmmmdmm,7867,676767,7677776767
kjnjknjnjn@gmail.com,mklmkmmmmdmm,7867,676767,7677776767
kjnjknjnjn@gmail.com,mklmkmmmmdmm,7867,676767,7677776767
kjnjknjnjn@gmail.com,mklmkmmmmdmm,7867,676767,7677776767
kjnjknjnjn@gmail.com,mklmkmmmmdmm,7867,676767,7677776767
kjnjknjnjn@gmail.com,mklmkmmmmdmm,7867,676767,7677776767
kjnjknjnjn@gmail.com,mklmkmmmmdmm,7867,676767,7677776767
kjnjknjnjn@gmail.com,mklmkmmmmdmm,7867,676767,7677776767
kjnjknjnjn@gmail.com,mklmkmmmmdmm,7867,676767,7677776767
kjnjknjnjn@gmail.com,mklmkmmmmdmm,7867,676767,7677776767
kjnjknjnjn@gmail.com,mklmkmmmmdmm,7867,676767,7677776767
kjnjknjnjn@gmail.com,mklmkmmmmdmm,7867,676767,7677776767
kjnjknjnjn@gmail.com,mklmkmmmmdmm,7867,676767,7677776767
kjnjknjnjn@gmail.com,mklmkmmmmdmm,7867,676767,7677776767
kjnjknjnjn@gmail.com,mklmkmmmmdmm,7867,676767,7677776767
kjnjknjnjn@gmail.com,mklmkmmmmdmm,7867,676767,7677776767
kjnjknjnjn@gmail.com,mklmkmmmmdmm,7867,676767,7677776767
kjnjknjnjn@gmail.com,mklmkmmmmdmm,7867,676767,7677776767
kjnjknjnjn@gmail.com,mklmkmmmmdmm,7867,676767,7677776767
kjnjknjnjn@gmail.com,mklmkmmmmdmm,7867,676767,7677776767
kjnjknjnjn@gmail.com,mklmkmmmmdmm,7867,676767,7677776767
kjnjknjnjn@gmail.com,mklmkmmmmdmm,7867,676767,7677776767
kjnjknjnjn@gmail.com,mklmkmmmmdmm,7867,676767,7677776767
kjnjknjnjn@gmail.com,mklmkmmmmdmm,7867,676767,7677776767
kjnjknjnjn@gmail.com,mklmkmmmmdmm,7867,676767,7677776767
kjnjknjnjn@gmail.com,mklmkmmmmdmm,7867,676767,7677776767
kjnjknjnjn@gmail.com,mklmkmmmmdmm,7867,676767,7677776767
kjnjknjnjn@gmail.com,mklmkmmmmdmm,7867,676767,7677776767
kjnjknjnjn@gmail.com,mklmkmmmmdmm,7867,676767,7677776767
kjnjknjnjn@gmail.com,mklmkmmmmdmm,7867,676767,7677776767
kjnjknjnjn@gmail.com,mklmkmmmmdmm,7867,676767,7677776767
kjnjknjnjn@gmail.com,mklmkmmmmdmm,7867,676767,7677776767
kjnjknjnjn@gmail.com,mklmkmmmmdmm,7867,676767,7677776767
kjnjknjnjn@gmail.com,mklmkmmmmdmm,7867,676767,7677776767
kjnjknjnjn@gmail.com,mklmkmmmmdmm,7867,676767,7677776767
kjnjknjnjn@gmail.com,mklmkmmmmdmm,7867,676767,7677776767
kjnjknjnjn@gmail.com,mklmkmmmmdmm,7867,676767,7677776767
kjnjknjnjn@gmail.com,mklmkmmmmdmm,7867,676767,7677776767
kjnjknjnjn@gmail.com,mklmkmmmmdmm,7867,676767,7677776767
kjnjknjnjn@gmail.com,mklmkmmmmdmm,7867,676767,7677776767
kjnjknjnjn@gmail.com,mklmkmmmmdmm,7867,676767,7677776767
kjnjknjnjn@gmail.com,mklmkmmmmdmm,7867,676767,7677776767
kjnjknjnjn@gmail.com,mklmkmmmmdmm,7867,676767,7677776767
kjnjknjnjn@gmail.com,mklmkmmmmdmm,7867,676767,7677776767
kjnjknjnjn@gmail.com,mklmkmmmmdmm,7867,676767,7677776767
kjnjknjnjn@gmail.com,mklmkmmmmdmm,7867,676767,7677776767
kjnjknjnjn@gmail.com,mklmkmmmmdmm,7867,676767,7677776767
kjnjknjnjn@gmail.com,mklmkmmmmdmm,7867,676767,7677776767
kjnjknjnjn@gmail.com,mklmkmmmmdmm,7867,676767,7677776767
kjnjknjnjn@gmail.com,mklmkmmmmdmm,7867,676767,7677776767
kjnjknjnjn@gmail.com,mklmkmmmmdmm,7867,676767,7677776767
kjnjknjnjn@gmail.com,mklmkmmmmdmm,7867,676767,7677776767
kjnjknjnjn@gmail.com,mklmkmmmmdmm,7867,676767,7677776767
kjnjknjnjn@gmail.com,mklmkmmmmdmm,7867,676767,7677776767
kjnjknjnjn@gmail.com,mklmkmmmmdmm,7867,676767,7677776767
kjnjknjnjn@gmail.com,mklmkmmmmdmm,7867,676767,7677776767
kjnjknjnjn@gmail.com,mklmkmmmmdmm,7867,676767,7677776767
kjnjknjnjn@gmail.com,mklmkmmmmdmm,7867,676767,7677776767
kjnjknjnjn@gmail.com,mklmkmmmmdmm,7867,676767,7677776767
kjnjknjnjn@gmail.com,mklmkmmmmdmm,7867,676767,7677776767
kjnjknjnjn@gmail.com,mklmkmmmmdmm,7867,676767,7677776767
kjnjknjnjn@gmail.com,mklmkmmmmdmm,7867,676767,7677776767
kjnjknjnjn@gmail.com,mklmkmmmmdmm,7867,676767,7677776767
kjnjknjnjn@gmail.com,mklmkmmmmdmm,7867,676767,7677776767
kjnjknjnjn@gmail.com,mklmkmmmmdmm,7867,676767,7677776767
kjnjknjnjn@gmail.com,mklmkmmmmdmm,7867,676767,7677776767
kjnjknjnjn@gmail.com,mklmkmmmmdmm,7867,676767,7677776767
kjnjknjnjn@gmail.com,mklmkmmmmdmm,7867,676767,7677776767
kjnjknjnjn@gmail.com,mklmkmmmmdmm,7867,676767,7677776767
kjnjknjnjn@gmail.com,mklmkmmmmdmm,7867,676767,7677776767
kjnjknjnjn@gmail.com,mklmkmmmmdmm,7867,676767,7677776767
kjnjknjnjn@gmail.com,mklmkmmmmdmm,7867,676767,7677776767
kjnjknjnjn@gmail.com,mklmkmmmmdmm,7867,676767,7677776767
kjnjknjnjn@gmail.com,mklmkmmmmdmm,7867,676767,7677776767
kjnjknjnjn@gmail.com,mklmkmmmmdmm,7867,676767,7677776767
kjnjknjnjn@gmail.com,mklmkmmmmdmm,7867,676767,7677776767
kjnjknjnjn@gmail.com,mklmkmmmmdmm,7867,676767,7677776767
kjnjknjnjn@gmail.com,mklmkmmmmdmm,7867,676767,7677776767
kjnjknjnjn@gmail.com,mklmkmmmmdmm,7867,676767,7677776767
kjnjknjnjn@gmail.com,mklmkmmmmdmm,7867,676767,7677776767
kjnjknjnjn@gmail.com,mklmkmmmmdmm,7867,676767,7677776767
kjnjknjnjn@gmail.com,mklmkmmmmdmm,7867,676767,7677776767
kjnjknjnjn@gmail.com,mklmkmmmmdmm,7867,676767,7677776767
kjnjknjnjn@gmail.com,mklmkmmmmdmm,7867,676767,7677776767
kjnjknjnjn@gmail.com,mklmkmmmmdmm,7867,676767,7677776767
kjnjknjnjn@gmail.com,mklmkmmmmdmm,7867,676767,7677776767
kjnjknjnjn@gmail.com,mklmkmmmmdmm,7867,676767,7677776767
kjnjknjnjn@gmail.com,mklmkmmmmdmm,7867,676767,7677776767
kjnjknjnjn@gmail.com,mklmkmmmmdmm,7867,676767,7677776767
kjnjknjnjn@gmail.com,mklmkmmmmdmm,7867,676767,7677776767
kjnjknjnjn@gmail.com,mklmkmmmmdmm,7867,676767,7677776767
kjnjknjnjn@gmail.com,mklmkmmmmdmm,7867,676767,7677776767
kjnjknjnjn@gmail.com,mklmkmmmmdmm,7867,676767,7677776767
kjnjknjnjn@gmail.com,mklmkmmmmdmm,7867,676767,7677776767
kjnjknjnjn@gmail.com,mklmkmmmmdmm,7867,676767,7677776767
kjnjknjnjn@gmail.com,mklmkmmmmdmm,7867,676767,7677776767
kjnjknjnjn@gmail.com,mklmkmmmmdmm,7867,676767,7677776767
kjnjknjnjn@gmail.com,mklmkmmmmdmm,7867,676767,7677776767
kjnjknjnjn@gmail.com,mklmkmmmmdmm,7867,676767,7677776767
kjnjknjnjn@gmail.com,mklmkmmmmdmm,7867,676767,7677776767
kjnjknjnjn@gmail.com,mklmkmmmmdmm,7867,676767,7677776767
kjnjknjnjn@gmail.com,mklmkmmmmdmm,7867,676767,7677776767
kjnjknjnjn@gmail.com,mklmkmmmmdmm,7867,676767,7677776767
kjnjknjnjn@gmail.com,mklmkmmmmdmm,7867,676767,7677776767
kjnjknjnjn@gmail.com,mklmkmmmmdmm,7867,676767,7677776767
kjnjknjnjn@gmail.com,mklmkmmmmdmm,7867,676767,7677776767
kjnjknjnjn@gmail.com,mklmkmmmmdmm,7867,676767,7677776767
kjnjknjnjn@gmail.com,mklmkmmmmdmm,7867,676767,7677776767
kjnjknjnjn@gmail.com,mklmkmmmmdmm,7867,676767,7677776767
kjnjknjnjn@gmail.com,mklmkmmmmdmm,7867,676767,7677776767
kjnjknjnjn@gmail.com,mklmkmmmmdmm,7867,676767,7677776767
kjnjknjnjn@gmail.com,mklmkmmmmdmm,7867,676767,7677776767
kjnjknjnjn@gmail.com,mklmkmmmmdmm,7867,676767,7677776767
kjnjknjnjn@gmail.com,mklmkmmmmdmm,7867,676767,7677776767
kjnjknjnjn@gmail.com,mklmkmmmmdmm,7867,676767,7677776767
kjnjknjnjn@gmail.com,mklmkmmmmdmm,7867,676767,7677776767
kjnjknjnjn@gmail.com,mklmkmmmmdmm,7867,676767,7677776767
kjnjknjnjn@gmail.com,mklmkmmmmdmm,7867,676767,7677776767
kjnjknjnjn@gmail.com,mklmkmmmmdmm,7867,676767,7677776767
kjnjknjnjn@gmail.com,mklmkmmmmdmm,7867,676767,7677776767
kjnjknjnjn@gmail.com,mklmkmmmmdmm,7867,676767,7677776767
kjnjknjnjn@gmail.com,mklmkmmmmdmm,7867,676767,7677776767
kjnjknjnjn@gmail.com,mklmkmmmmdmm,7867,676767,7677776767
kjnjknjnjn@gmail.com,mklmkmmmmdmm,7867,676767,7677776767
kjnjknjnjn@gmail.com,mklmkmmmmdmm,7867,676767,7677776767
kjnjknjnjn@gmail.com,mklmkmmmmdmm,7867,676767,7677776767
kjnjknjnjn@gmail.com,mklmkmmmmdmm,7867,676767,7677776767
kjnjknjnjn@gmail.com,mklmkmmmmdmm,7867,676767,7677776767
kjnjknjnjn@gmail.com,mklmkmmmmdmm,7867,676767,7677776767
kjnjknjnjn@gmail.com,mklmkmmmmdmm,7867,676767,7677776767
kjnjknjnjn@gmail.com,mklmkmmmmdmm,7867,676767,7677776767
kjnjknjnjn@gmail.com,mklmkmmmmdmm,7867,676767,7677776767
kjnjknjnjn@gmail.com,mklmkmmmmdmm,7867,676767,7677776767
kjnjknjnjn@gmail.com,mklmkmmmmdmm,7867,676767,7677776767
kjnjknjnjn@gmail.com,mklmkmmmmdmm,7867,676767,7677776767
kjnjknjnjn@gmail.com,mklmkmmmmdmm,7867,676767,7677776767
kjnjknjnjn@gmail.com,mklmkmmmmdmm,7867,676767,7677776767
kjnjknjnjn@gmail.com,mklmkmmmmdmm,7867,676767,7677776767
kjnjknjnjn@gmail.com,mklmkmmmmdmm,7867,676767,7677776767
kjnjknjnjn@gmail.com,mklmkmmmmdmm,7867,676767,7677776767
kjnjknjnjn@gmail.com,mklmkmmmmdmm,7867,676767,7677776767
kjnjknjnjn@gmail.com,mklmkmmmmdmm,7867,676767,7677776767
kjnjknjnjn@gmail.com,mklmkmmmmdmm,7867,676767,7677776767
kjnjknjnjn@gmail.com,mklmkmmmmdmm,7867,676767,7677776767
kjnjknjnjn@gmail.com,mklmkmmmmdmm,7867,676767,7677776767
kjnjknjnjn@gmail.com,mklmkmmmmdmm,7867,676767,7677776767
kjnjknjnjn@gmail.com,mklmkmmmmdmm,7867,676767,7677776767
kjnjknjnjn@gmail.com,mklmkmmmmdmm,7867,676767,7677776767
kjnjknjnjn@gmail.com,mklmkmmmmdmm,7867,676767,7677776767
kjnjknjnjn@gmail.com,mklmkmmmmdmm,7867,676767,7677776767
kjnjknjnjn@gmail.com,mklmkmmmmdmm,7867,676767,7677776767
kjnjknjnjn@gmail.com,mklmkmmmmdmm,7867,676767,7677776767
kjnjknjnjn@gmail.com,mklmkmmmmdmm,7867,676767,7677776767
kjnjknjnjn@gmail.com,mklmkmmmmdmm,7867,676767,7677776767
kjnjknjnjn@gmail.com,mklmkmmmmdmm,7867,676767,7677776767
kjnjknjnjn@gmail.com,mklmkmmmmdmm,7867,676767,7677776767
kjnjknjnjn@gmail.com,mklmkmmmmdmm,7867,676767,7677776767
kjnjknjnjn@gmail.com,mklmkmmmmdmm,7867,676767,7677776767
kjnjknjnjn@gmail.com,mklmkmmmmdmm,7867,676767,7677776767
kjnjknjnjn@gmail.com,mklmkmmmmdmm,7867,676767,7677776767
kjnjknjnjn@gmail.com,mklmkmmmmdmm,7867,676767,7677776767
kjnjknjnjn@gmail.com,mklmkmmmmdmm,7867,676767,7677776767
kjnjknjnjn@gmail.com,mklmkmmmmdmm,7867,676767,7677776767
kjnjknjnjn@gmail.com,mklmkmmmmdmm,7867,676767,7677776767
kjnjknjnjn@gmail.com,mklmkmmmmdmm,7867,676767,7677776767
kjnjknjnjn@gmail.com,mklmkmmmmdmm,7867,676767,7677776767
kjnjknjnjn@gmail.com,mklmkmmmmdmm,7867,676767,7677776767
kjnjknjnjn@gmail.com,mklmkmmmmdmm,7867,676767,7677776767
kjnjknjnjn@gmail.com,mklmkmmmmdmm,7867,676767,7677776767
kjnjknjnjn@gmail.com,mklmkmmmmdmm,7867,676767,7677776767
kjnjknjnjn@gmail.com,mklmkmmmmdmm,7867,676767,7677776767
kjnjknjnjn@gmail.com,mklmkmmmmdmm,7867,676767,7677776767
kjnjknjnjn@gmail.com,mklmkmmmmdmm,7867,676767,7677776767
kjnjknjnjn@gmail.com,mklmkmmmmdmm,7867,676767,7677776767
kjnjknjnjn@gmail.com,mklmkmmmmdmm,7867,676767,7677776767
kjnjknjnjn@gmail.com,mklmkmmmmdmm,7867,676767,7677776767
kjnjknjnjn@gmail.com,mklmkmmmmdmm,7867,676767,7677776767
kjnjknjnjn@gmail.com,mklmkmmmmdmm,7867,676767,7677776767
kjnjknjnjn@gmail.com,mklmkmmmmdmm,7867,676767,7677776767
kjnjknjnjn@gmail.com,mklmkmmmmdmm,7867,676767,7677776767
kjnjknjnjn@gmail.com,mklmkmmmmdmm,7867,676767,7677776767
kjnjknjnjn@gmail.com,mklmkmmmmdmm,7867,676767,7677776767
kjnjknjnjn@gmail.com,mklmkmmmmdmm,7867,676767,7677776767
kjnjknjnjn@gmail.com,mklmkmmmmdmm,7867,676767,7677776767
kjnjknjnjn@gmail.com,mklmkmmmmdmm,7867,676767,7677776767
kjnjknjnjn@gmail.com,mklmkmmmmdmm,7867,676767,7677776767
kjnjknjnjn@gmail.com,mklmkmmmmdmm,7867,676767,7677776767
kjnjknjnjn@gmail.com,mklmkmmmmdmm,7867,676767,7677776767
kjnjknjnjn@gmail.com,mklmkmmmmdmm,7867,676767,7677776767
kjnjknjnjn@gmail.com,mklmkmmmmdmm,7867,676767,7677776767
kjnjknjnjn@gmail.com,mklmkmmmmdmm,7867,676767,7677776767
kjnjknjnjn@gmail.com,mklmkmmmmdmm,7867,676767,7677776767
kjnjknjnjn@gmail.com,mklmkmmmmdmm,7867,676767,7677776767
kjnjknjnjn@gmail.com,mklmkmmmmdmm,7867,676767,7677776767
kjnjknjnjn@gmail.com,mklmkmmmmdmm,7867,676767,7677776767
kjnjknjnjn@gmail.com,mklmkmmmmdmm,7867,676767,7677776767
kjnjknjnjn@gmail.com,mklmkmmmmdmm,7867,676767,7677776767
kjnjknjnjn@gmail.com,mklmkmmmmdmm,7867,676767,7677776767
kjnjknjnjn@gmail.com,mklmkmmmmdmm,7867,676767,7677776767
kjnjknjnjn@gmail.com,mklmkmmmmdmm,7867,676767,7677776767
kjnjknjnjn@gmail.com,mklmkmmmmdmm,7867,676767,7677776767
kjnjknjnjn@gmail.com,mklmkmmmmdmm,7867,676767,7677776767
kjnjknjnjn@gmail.com,mklmkmmmmdmm,7867,676767,7677776767
kjnjknjnjn@gmail.com,mklmkmmmmdmm,7867,676767,7677776767
kjnjknjnjn@gmail.com,mklmkmmmmdmm,7867,676767,7677776767
kjnjknjnjn@gmail.com,mklmkmmmmdmm,7867,676767,7677776767
kjnjknjnjn@gmail.com,mklmkmmmmdmm,7867,676767,7677776767
kjnjknjnjn@gmail.com,mklmkmmmmdmm,7867,676767,7677776767
kjnjknjnjn@gmail.com,mklmkmmmmdmm,7867,676767,7677776767
kjnjknjnjn@gmail.com,mklmkmmmmdmm,7867,676767,7677776767
kjnjknjnjn@gmail.com,mklmkmmmmdmm,7867,676767,7677776767
kjnjknjnjn@gmail.com,mklmkmmmmdmm,7867,676767,7677776767
kjnjknjnjn@gmail.com,mklmkmmmmdmm,7867,676767,7677776767
kjnjknjnjn@gmail.com,mklmkmmmmdmm,7867,676767,7677776767
kjnjknjnjn@gmail.com,mklmkmmmmdmm,7867,676767,7677776767
kjnjknjnjn@gmail.com,mklmkmmmmdmm,7867,676767,7677776767
kjnjknjnjn@gmail.com,mklmkmmmmdmm,7867,676767,7677776767
kjnjknjnjn@gmail.com,mklmkmmmmdmm,7867,676767,7677776767
kjnjknjnjn@gmail.com,mklmkmmmmdmm,7867,676767,7677776767
kjnjknjnjn@gmail.com,mklmkmmmmdmm,7867,676767,7677776767
kjnjknjnjn@gmail.com,mklmkmmmmdmm,7867,676767,7677776767
kjnjknjnjn@gmail.com,mklmkmmmmdmm,7867,676767,7677776767
kjnjknjnjn@gmail.com,mklmkmmmmdmm,7867,676767,7677776767
kjnjknjnjn@gmail.com,mklmkmmmmdmm,7867,676767,7677776767
kjnjknjnjn@gmail.com,mklmkmmmmdmm,7867,676767,7677776767
kjnjknjnjn@gmail.com,mklmkmmmmdmm,7867,676767,7677776767
kjnjknjnjn@gmail.com,mklmkmmmmdmm,7867,676767,7677776767
kjnjknjnjn@gmail.com,mklmkmmmmdmm,7867,676767,7677776767
kjnjknjnjn@gmail.com,mklmkmmmmdmm,7867,676767,7677776767
kjnjknjnjn@gmail.com,mklmkmmmmdmm,7867,676767,7677776767
kjnjknjnjn@gmail.com,mklmkmmmmdmm,7867,676767,7677776767
kjnjknjnjn@gmail.com,mklmkmmmmdmm,7867,676767,7677776767
kjnjknjnjn@gmail.com,mklmkmmmmdmm,7867,676767,7677776767
kjnjknjnjn@gmail.com,mklmkmmmmdmm,7867,676767,7677776767
kjnjknjnjn@gmail.com,mklmkmmmmdmm,7867,676767,7677776767
kjnjknjnjn@gmail.com,mklmkmmmmdmm,7867,676767,7677776767
kjnjknjnjn@gmail.com,mklmkmmmmdmm,7867,676767,7677776767
kjnjknjnjn@gmail.com,mklmkmmmmdmm,7867,676767,7677776767
kjnjknjnjn@gmail.com,mklmkmmmmdmm,7867,676767,7677776767
kjnjknjnjn@gmail.com,mklmkmmmmdmm,7867,676767,7677776767
kjnjknjnjn@gmail.com,mklmkmmmmdmm,7867,676767,7677776767
kjnjknjnjn@gmail.com,mklmkmmmmdmm,7867,676767,7677776767
kjnjknjnjn@gmail.com,mklmkmmmmdmm,7867,676767,7677776767
kjnjknjnjn@gmail.com,mklmkmmmmdmm,7867,676767,7677776767
kjnjknjnjn@gmail.com,mklmkmmmmdmm,7867,676767,7677776767
kjnjknjnjn@gmail.com,mklmkmmmmdmm,7867,676767,7677776767
kjnjknjnjn@gmail.com,mklmkmmmmdmm,7867,676767,7677776767
kjnjknjnjn@gmail.com,mklmkmmmmdmm,7867,676767,7677776767
kjnjknjnjn@gmail.com,mklmkmmmmdmm,7867,676767,7677776767
kjnjknjnjn@gmail.com,mklmkmmmmdmm,7867,676767,7677776767
kjnjknjnjn@gmail.com,mklmkmmmmdmm,7867,676767,7677776767
kjnjknjnjn@gmail.com,mklmkmmmmdmm,7867,676767,7677776767
kjnjknjnjn@gmail.com,mklmkmmmmdmm,7867,676767,7677776767
kjnjknjnjn@gmail.com,mklmkmmmmdmm,7867,676767,7677776767
kjnjknjnjn@gmail.com,mklmkmmmmdmm,7867,676767,7677776767
kjnjknjnjn@gmail.com,mklmkmmmmdmm,7867,676767,7677776767
kjnjknjnjn@gmail.com,mklmkmmmmdmm,7867,676767,7677776767
kjnjknjnjn@gmail.com,mklmkmmmmdmm,7867,676767,7677776767
kjnjknjnjn@gmail.com,mklmkmmmmdmm,7867,676767,7677776767
kjnjknjnjn@gmail.com,mklmkmmmmdmm,7867,676767,7677776767
kjnjknjnjn@gmail.com,mklmkmmmmdmm,7867,676767,7677776767
kjnjknjnjn@gmail.com,mklmkmmmmdmm,7867,676767,7677776767
kjnjknjnjn@gmail.com,mklmkmmmmdmm,7867,676767,7677776767
kjnjknjnjn@gmail.com,mklmkmmmmdmm,7867,676767,7677776767
kjnjknjnjn@gmail.com,mklmkmmmmdmm,7867,676767,7677776767
kjnjknjnjn@gmail.com,mklmkmmmmdmm,7867,676767,7677776767
kjnjknjnjn@gmail.com,mklmkmmmmdmm,7867,676767,7677776767
kjnjknjnjn@gmail.com,mklmkmmmmdmm,7867,676767,7677776767
kjnjknjnjn@gmail.com,mklmkmmmmdmm,7867,676767,7677776767
kjnjknjnjn@gmail.com,mklmkmmmmdmm,7867,676767,7677776767
kjnjknjnjn@gmail.com,mklmkmmmmdmm,7867,676767,7677776767
kjnjknjnjn@gmail.com,mklmkmmmmdmm,7867,676767,7677776767
kjnjknjnjn@gmail.com,mklmkmmmmdmm,7867,676767,7677776767
kjnjknjnjn@gmail.com,mklmkmmmmdmm,7867,676767,7677776767
kjnjknjnjn@gmail.com,mklmkmmmmdmm,7867,676767,7677776767
kjnjknjnjn@gmail.com,mklmkmmmmdmm,7867,676767,7677776767
kjnjknjnjn@gmail.com,mklmkmmmmdmm,7867,676767,7677776767
kjnjknjnjn@gmail.com,mklmkmmmmdmm,7867,676767,7677776767
kjnjknjnjn@gmail.com,mklmkmmmmdmm,7867,676767,7677776767
kjnjknjnjn@gmail.com,mklmkmmmmdmm,7867,676767,7677776767
kjnjknjnjn@gmail.com,mklmkmmmmdmm,7867,676767,7677776767
kjnjknjnjn@gmail.com,mklmkmmmmdmm,7867,676767,7677776767
kjnjknjnjn@gmail.com,mklmkmmmmdmm,7867,676767,7677776767
kjnjknjnjn@gmail.com,mklmkmmmmdmm,7867,676767,7677776767
kjnjknjnjn@gmail.com,mklmkmmmmdmm,7867,676767,7677776767
kjnjknjnjn@gmail.com,mklmkmmmmdmm,7867,676767,7677776767
kjnjknjnjn@gmail.com,mklmkmmmmdmm,7867,676767,7677776767
kjnjknjnjn@gmail.com,mklmkmmmmdmm,7867,676767,7677776767
kjnjknjnjn@gmail.com,mklmkmmmmdmm,7867,676767,7677776767
kjnjknjnjn@gmail.com,mklmkmmmmdmm,7867,676767,7677776767
kjnjknjnjn@gmail.com,mklmkmmmmdmm,7867,676767,7677776767
kjnjknjnjn@gmail.com,mklmkmmmmdmm,7867,676767,7677776767
kjnjknjnjn@gmail.com,mklmkmmmmdmm,7867,676767,7677776767
kjnjknjnjn@gmail.com,mklmkmmmmdmm,7867,676767,7677776767
kjnjknjnjn@gmail.com,mklmkmmmmdmm,7867,676767,7677776767
kjnjknjnjn@gmail.com,mklmkmmmmdmm,7867,676767,7677776767
kjnjknjnjn@gmail.com,mklmkmmmmdmm,7867,676767,7677776767
kjnjknjnjn@gmail.com,mklmkmmmmdmm,7867,676767,7677776767
kjnjknjnjn@gmail.com,mklmkmmmmdmm,7867,676767,7677776767
kjnjknjnjn@gmail.com,mklmkmmmmdmm,7867,676767,7677776767
kjnjknjnjn@gmail.com,mklmkmmmmdmm,7867,676767,7677776767
kjnjknjnjn@gmail.com,mklmkmmmmdmm,7867,676767,7677776767
kjnjknjnjn@gmail.com,mklmkmmmmdmm,7867,676767,7677776767
kjnjknjnjn@gmail.com,mklmkmmmmdmm,7867,676767,7677776767
kjnjknjnjn@gmail.com,mklmkmmmmdmm,7867,676767,7677776767
kjnjknjnjn@gmail.com,mklmkmmmmdmm,7867,676767,7677776767
kjnjknjnjn@gmail.com,mklmkmmmmdmm,7867,676767,7677776767
kjnjknjnjn@gmail.com,mklmkmmmmdmm,7867,676767,7677776767
kjnjknjnjn@gmail.com,mklmkmmmmdmm,7867,676767,7677776767
kjnjknjnjn@gmail.com,mklmkmmmmdmm,7867,676767,7677776767
kjnjknjnjn@gmail.com,mklmkmmmmdmm,7867,676767,7677776767
kjnjknjnjn@gmail.com,mklmkmmmmdmm,7867,676767,7677776767
kjnjknjnjn@gmail.com,mklmkmmmmdmm,7867,676767,7677776767
kjnjknjnjn@gmail.com,mklmkmmmmdmm,7867,676767,7677776767
kjnjknjnjn@gmail.com,mklmkmmmmdmm,7867,676767,7677776767
kjnjknjnjn@gmail.com,mklmkmmmmdmm,7867,676767,7677776767
kjnjknjnjn@gmail.com,mklmkmmmmdmm,7867,676767,7677776767
kjnjknjnjn@gmail.com,mklmkmmmmdmm,7867,676767,7677776767
kjnjknjnjn@gmail.com,mklmkmmmmdmm,7867,676767,7677776767
kjnjknjnjn@gmail.com,mklmkmmmmdmm,7867,676767,7677776767
kjnjknjnjn@gmail.com,mklmkmmmmdmm,7867,676767,7677776767
kjnjknjnjn@gmail.com,mklmkmmmmdmm,7867,676767,7677776767
kjnjknjnjn@gmail.com,mklmkmmmmdmm,7867,676767,7677776767
kjnjknjnjn@gmail.com,mklmkmmmmdmm,7867,676767,7677776767
kjnjknjnjn@gmail.com,mklmkmmmmdmm,7867,676767,7677776767
kjnjknjnjn@gmail.com,mklmkmmmmdmm,7867,676767,7677776767
kjnjknjnjn@gmail.com,mklmkmmmmdmm,7867,676767,7677776767
kjnjknjnjn@gmail.com,mklmkmmmmdmm,7867,676767,7677776767
kjnjknjnjn@gmail.com,mklmkmmmmdmm,7867,676767,7677776767
kjnjknjnjn@gmail.com,mklmkmmmmdmm,7867,676767,7677776767
kjnjknjnjn@gmail.com,mklmkmmmmdmm,7867,676767,7677776767
kjnjknjnjn@gmail.com,mklmkmmmmdmm,7867,676767,7677776767
kjnjknjnjn@gmail.com,mklmkmmmmdmm,7867,676767,7677776767
kjnjknjnjn@gmail.com,mklmkmmmmdmm,7867,676767,7677776767
kjnjknjnjn@gmail.com,mklmkmmmmdmm,7867,676767,7677776767
kjnjknjnjn@gmail.com,mklmkmmmmdmm,7867,676767,7677776767
kjnjknjnjn@gmail.com,mklmkmmmmdmm,7867,676767,7677776767
kjnjknjnjn@gmail.com,mklmkmmmmdmm,7867,676767,7677776767
kjnjknjnjn@gmail.com,mklmkmmmmdmm,7867,676767,7677776767
kjnjknjnjn@gmail.com,mklmkmmmmdmm,7867,676767,7677776767
kjnjknjnjn@gmail.com,mklmkmmmmdmm,7867,676767,7677776767
kjnjknjnjn@gmail.com,mklmkmmmmdmm,7867,676767,7677776767
kjnjknjnjn@gmail.com,mklmkmmmmdmm,7867,676767,7677776767
kjnjknjnjn@gmail.com,mklmkmmmmdmm,7867,676767,7677776767
kjnjknjnjn@gmail.com,mklmkmmmmdmm,7867,676767,7677776767
kjnjknjnjn@gmail.com,mklmkmmmmdmm,7867,676767,7677776767
kjnjknjnjn@gmail.com,mklmkmmmmdmm,7867,676767,7677776767
kjnjknjnjn@gmail.com,mklmkmmmmdmm,7867,676767,7677776767
kjnjknjnjn@gmail.com,mklmkmmmmdmm,7867,676767,7677776767
kjnjknjnjn@gmail.com,mklmkmmmmdmm,7867,676767,7677776767
kjnjknjnjn@gmail.com,mklmkmmmmdmm,7867,676767,7677776767
kjnjknjnjn@gmail.com,mklmkmmmmdmm,7867,676767,7677776767
kjnjknjnjn@gmail.com,mklmkmmmmdmm,7867,676767,7677776767
kjnjknjnjn@gmail.com,mklmkmmmmdmm,7867,676767,7677776767
kjnjknjnjn@gmail.com,mklmkmmmmdmm,7867,676767,7677776767
kjnjknjnjn@gmail.com,mklmkmmmmdmm,7867,676767,7677776767
kjnjknjnjn@gmail.com,mklmkmmmmdmm,7867,676767,7677776767
kjnjknjnjn@gmail.com,mklmkmmmmdmm,7867,676767,7677776767
kjnjknjnjn@gmail.com,mklmkmmmmdmm,7867,676767,7677776767
kjnjknjnjn@gmail.com,mklmkmmmmdmm,7867,676767,7677776767
kjnjknjnjn@gmail.com,mklmkmmmmdmm,7867,676767,7677776767
kjnjknjnjn@gmail.com,mklmkmmmmdmm,7867,676767,7677776767
kjnjknjnjn@gmail.com,mklmkmmmmdmm,7867,676767,7677776767
kjnjknjnjn@gmail.com,mklmkmmmmdmm,7867,676767,7677776767
kjnjknjnjn@gmail.com,mklmkmmmmdmm,7867,676767,7677776767
kjnjknjnjn@gmail.com,mklmkmmmmdmm,7867,676767,7677776767
kjnjknjnjn@gmail.com,mklmkmmmmdmm,7867,676767,7677776767
kjnjknjnjn@gmail.com,mklmkmmmmdmm,7867,676767,7677776767
kjnjknjnjn@gmail.com,mklmkmmmmdmm,7867,676767,7677776767
kjnjknjnjn@gmail.com,mklmkmmmmdmm,7867,676767,7677776767
kjnjknjnjn@gmail.com,mklmkmmmmdmm,7867,676767,7677776767
kjnjknjnjn@gmail.com,mklmkmmmmdmm,7867,676767,7677776767
kjnjknjnjn@gmail.com,mklmkmmmmdmm,7867,676767,7677776767
kjnjknjnjn@gmail.com,mklmkmmmmdmm,7867,676767,7677776767
kjnjknjnjn@gmail.com,mklmkmmmmdmm,7867,676767,7677776767
kjnjknjnjn@gmail.com,mklmkmmmmdmm,7867,676767,7677776767
kjnjknjnjn@gmail.com,mklmkmmmmdmm,7867,676767,7677776767
kjnjknjnjn@gmail.com,mklmkmmmmdmm,7867,676767,7677776767
kjnjknjnjn@gmail.com,mklmkmmmmdmm,7867,676767,7677776767
kjnjknjnjn@gmail.com,mklmkmmmmdmm,7867,676767,7677776767
kjnjknjnjn@gmail.com,mklmkmmmmdmm,7867,676767,7677776767
kjnjknjnjn@gmail.com,mklmkmmmmdmm,7867,676767,7677776767
kjnjknjnjn@gmail.com,mklmkmmmmdmm,7867,676767,7677776767
kjnjknjnjn@gmail.com,mklmkmmmmdmm,7867,676767,7677776767
kjnjknjnjn@gmail.com,mklmkmmmmdmm,7867,676767,7677776767
kjnjknjnjn@gmail.com,mklmkmmmmdmm,7867,676767,7677776767
kjnjknjnjn@gmail.com,mklmkmmmmdmm,7867,676767,7677776767
kjnjknjnjn@gmail.com,mklmkmmmmdmm,7867,676767,7677776767
kjnjknjnjn@gmail.com,mklmkmmmmdmm,7867,676767,7677776767
kjnjknjnjn@gmail.com,mklmkmmmmdmm,7867,676767,7677776767
kjnjknjnjn@gmail.com,mklmkmmmmdmm,7867,676767,7677776767
kjnjknjnjn@gmail.com,mklmkmmmmdmm,7867,676767,7677776767
kjnjknjnjn@gmail.com,mklmkmmmmdmm,7867,676767,7677776767
kjnjknjnjn@gmail.com,mklmkmmmmdmm,7867,676767,7677776767
kjnjknjnjn@gmail.com,mklmkmmmmdmm,7867,676767,7677776767
kjnjknjnjn@gmail.com,mklmkmmmmdmm,7867,676767,7677776767
kjnjknjnjn@gmail.com,mklmkmmmmdmm,7867,676767,7677776767
kjnjknjnjn@gmail.com,mklmkmmmmdmm,7867,676767,7677776767
kjnjknjnjn@gmail.com,mklmkmmmmdmm,7867,676767,7677776767
kjnjknjnjn@gmail.com,mklmkmmmmdmm,7867,676767,7677776767
kjnjknjnjn@gmail.com,mklmkmmmmdmm,7867,676767,7677776767
kjnjknjnjn@gmail.com,mklmkmmmmdmm,7867,676767,7677776767
kjnjknjnjn@gmail.com,mklmkmmmmdmm,7867,676767,7677776767
kjnjknjnjn@gmail.com,mklmkmmmmdmm,7867,676767,7677776767
kjnjknjnjn@gmail.com,mklmkmmmmdmm,7867,676767,7677776767
kjnjknjnjn@gmail.com,mklmkmmmmdmm,7867,676767,7677776767
kjnjknjnjn@gmail.com,mklmkmmmmdmm,7867,676767,7677776767
kjnjknjnjn@gmail.com,mklmkmmmmdmm,7867,676767,7677776767
kjnjknjnjn@gmail.com,mklmkmmmmdmm,7867,676767,7677776767
kjnjknjnjn@gmail.com,mklmkmmmmdmm,7867,676767,7677776767
kjnjknjnjn@gmail.com,mklmkmmmmdmm,7867,676767,7677776767
kjnjknjnjn@gmail.com,mklmkmmmmdmm,7867,676767,7677776767
kjnjknjnjn@gmail.com,mklmkmmmmdmm,7867,676767,7677776767
kjnjknjnjn@gmail.com,mklmkmmmmdmm,7867,676767,7677776767
kjnjknjnjn@gmail.com,mklmkmmmmdmm,7867,676767,7677776767
kjnjknjnjn@gmail.com,mklmkmmmmdmm,7867,676767,7677776767
kjnjknjnjn@gmail.com,mklmkmmmmdmm,7867,676767,7677776767
kjnjknjnjn@gmail.com,mklmkmmmmdmm,7867,676767,7677776767
kjnjknjnjn@gmail.com,mklmkmmmmdmm,7867,676767,7677776767
kjnjknjnjn@gmail.com,mklmkmmmmdmm,7867,676767,7677776767
kjnjknjnjn@gmail.com,mklmkmmmmdmm,7867,676767,7677776767
kjnjknjnjn@gmail.com,mklmkmmmmdmm,7867,676767,7677776767
kjnjknjnjn@gmail.com,mklmkmmmmdmm,7867,676767,7677776767
kjnjknjnjn@gmail.com,mklmkmmmmdmm,7867,676767,7677776767
kjnjknjnjn@gmail.com,mklmkmmmmdmm,7867,676767,7677776767
kjnjknjnjn@gmail.com,mklmkmmmmdmm,7867,676767,7677776767
kjnjknjnjn@gmail.com,mklmkmmmmdmm,7867,676767,7677776767
kjnjknjnjn@gmail.com,mklmkmmmmdmm,7867,676767,7677776767
kjnjknjnjn@gmail.com,mklmkmmmmdmm,7867,676767,7677776767
kjnjknjnjn@gmail.com,mklmkmmmmdmm,7867,676767,7677776767
kjnjknjnjn@gmail.com,mklmkmmmmdmm,7867,676767,7677776767
kjnjknjnjn@gmail.com,mklmkmmmmdmm,7867,676767,7677776767
kjnjknjnjn@gmail.com,mklmkmmmmdmm,7867,676767,7677776767
kjnjknjnjn@gmail.com,mklmkmmmmdmm,7867,676767,7677776767
kjnjknjnjn@gmail.com,mklmkmmmmdmm,7867,676767,7677776767
kjnjknjnjn@gmail.com,mklmkmmmmdmm,7867,676767,7677776767
kjnjknjnjn@gmail.com,mklmkmmmmdmm,7867,676767,7677776767
kjnjknjnjn@gmail.com,mklmkmmmmdmm,7867,676767,7677776767
kjnjknjnjn@gmail.com,mklmkmmmmdmm,7867,676767,7677776767
kjnjknjnjn@gmail.com,mklmkmmmmdmm,7867,676767,7677776767
kjnjknjnjn@gmail.com,mklmkmmmmdmm,7867,676767,7677776767
kjnjknjnjn@gmail.com,mklmkmmmmdmm,7867,676767,7677776767
kjnjknjnjn@gmail.com,mklmkmmmmdmm,7867,676767,7677776767
kjnjknjnjn@gmail.com,mklmkmmmmdmm,7867,676767,7677776767
kjnjknjnjn@gmail.com,mklmkmmmmdmm,7867,676767,7677776767
kjnjknjnjn@gmail.com,mklmkmmmmdmm,7867,676767,7677776767
kjnjknjnjn@gmail.com,mklmkmmmmdmm,7867,676767,7677776767
kjnjknjnjn@gmail.com,mklmkmmmmdmm,7867,676767,7677776767
kjnjknjnjn@gmail.com,mklmkmmmmdmm,7867,676767,7677776767
kjnjknjnjn@gmail.com,mklmkmmmmdmm,7867,676767,7677776767
kjnjknjnjn@gmail.com,mklmkmmmmdmm,7867,676767,7677776767
kjnjknjnjn@gmail.com,mklmkmmmmdmm,7867,676767,7677776767
kjnjknjnjn@gmail.com,mklmkmmmmdmm,7867,676767,7677776767
kjnjknjnjn@gmail.com,mklmkmmmmdmm,7867,676767,7677776767
kjnjknjnjn@gmail.com,mklmkmmmmdmm,7867,676767,7677776767
kjnjknjnjn@gmail.com,mklmkmmmmdmm,7867,676767,7677776767
kjnjknjnjn@gmail.com,mklmkmmmmdmm,7867,676767,7677776767
kjnjknjnjn@gmail.com,mklmkmmmmdmm,7867,676767,7677776767
kjnjknjnjn@gmail.com,mklmkmmmmdmm,7867,676767,7677776767
kjnjknjnjn@gmail.com,mklmkmmmmdmm,7867,676767,7677776767
kjnjknjnjn@gmail.com,mklmkmmmmdmm,7867,676767,7677776767
kjnjknjnjn@gmail.com,mklmkmmmmdmm,7867,676767,7677776767
kjnjknjnjn@gmail.com,mklmkmmmmdmm,7867,676767,7677776767
kjnjknjnjn@gmail.com,mklmkmmmmdmm,7867,676767,7677776767
kjnjknjnjn@gmail.com,mklmkmmmmdmm,7867,676767,7677776767
kjnjknjnjn@gmail.com,mklmkmmmmdmm,7867,676767,7677776767
kjnjknjnjn@gmail.com,mklmkmmmmdmm,7867,676767,7677776767
kjnjknjnjn@gmail.com,mklmkmmmmdmm,7867,676767,7677776767
kjnjknjnjn@gmail.com,mklmkmmmmdmm,7867,676767,7677776767
kjnjknjnjn@gmail.com,mklmkmmmmdmm,7867,676767,7677776767
kjnjknjnjn@gmail.com,mklmkmmmmdmm,7867,676767,7677776767
kjnjknjnjn@gmail.com,mklmkmmmmdmm,7867,676767,7677776767
kjnjknjnjn@gmail.com,mklmkmmmmdmm,7867,676767,7677776767
kjnjknjnjn@gmail.com,mklmkmmmmdmm,7867,676767,7677776767
kjnjknjnjn@gmail.com,mklmkmmmmdmm,7867,676767,7677776767
kjnjknjnjn@gmail.com,mklmkmmmmdmm,7867,676767,7677776767
kjnjknjnjn@gmail.com,mklmkmmmmdmm,7867,676767,7677776767
kjnjknjnjn@gmail.com,mklmkmmmmdmm,7867,676767,7677776767
kjnjknjnjn@gmail.com,mklmkmmmmdmm,7867,676767,7677776767
kjnjknjnjn@gmail.com,mklmkmmmmdmm,7867,676767,7677776767
kjnjknjnjn@gmail.com,mklmkmmmmdmm,7867,676767,7677776767
kjnjknjnjn@gmail.com,mklmkmmmmdmm,7867,676767,7677776767
kjnjknjnjn@gmail.com,mklmkmmmmdmm,7867,676767,7677776767
kjnjknjnjn@gmail.com,mklmkmmmmdmm,7867,676767,7677776767
kjnjknjnjn@gmail.com,mklmkmmmmdmm,7867,676767,7677776767
kjnjknjnjn@gmail.com,mklmkmmmmdmm,7867,676767,7677776767
kjnjknjnjn@gmail.com,mklmkmmmmdmm,7867,676767,7677776767
kjnjknjnjn@gmail.com,mklmkmmmmdmm,7867,676767,7677776767
kjnjknjnjn@gmail.com,mklmkmmmmdmm,7867,676767,7677776767
kjnjknjnjn@gmail.com,mklmkmmmmdmm,7867,676767,7677776767
kjnjknjnjn@gmail.com,mklmkmmmmdmm,7867,676767,7677776767
kjnjknjnjn@gmail.com,mklmkmmmmdmm,7867,676767,7677776767
kjnjknjnjn@gmail.com,mklmkmmmmdmm,7867,676767,7677776767
kjnjknjnjn@gmail.com,mklmkmmmmdmm,7867,676767,7677776767
kjnjknjnjn@gmail.com,mklmkmmmmdmm,7867,676767,7677776767
kjnjknjnjn@gmail.com,mklmkmmmmdmm,7867,676767,7677776767
kjnjknjnjn@gmail.com,mklmkmmmmdmm,7867,676767,7677776767
kjnjknjnjn@gmail.com,mklmkmmmmdmm,7867,676767,7677776767
kjnjknjnjn@gmail.com,mklmkmmmmdmm,7867,676767,7677776767
kjnjknjnjn@gmail.com,mklmkmmmmdmm,7867,676767,7677776767
kjnjknjnjn@gmail.com,mklmkmmmmdmm,7867,676767,7677776767
kjnjknjnjn@gmail.com,mklmkmmmmdmm,7867,676767,7677776767
kjnjknjnjn@gmail.com,mklmkmmmmdmm,7867,676767,7677776767
kjnjknjnjn@gmail.com,mklmkmmmmdmm,7867,676767,7677776767
kjnjknjnjn@gmail.com,mklmkmmmmdmm,7867,676767,7677776767
kjnjknjnjn@gmail.com,mklmkmmmmdmm,7867,676767,7677776767
kjnjknjnjn@gmail.com,mklmkmmmmdmm,7867,676767,7677776767
kjnjknjnjn@gmail.com,mklmkmmmmdmm,7867,676767,7677776767
kjnjknjnjn@gmail.com,mklmkmmmmdmm,7867,676767,7677776767
kjnjknjnjn@gmail.com,mklmkmmmmdmm,7867,676767,7677776767
kjnjknjnjn@gmail.com,mklmkmmmmdmm,7867,676767,7677776767
kjnjknjnjn@gmail.com,mklmkmmmmdmm,7867,676767,7677776767
kjnjknjnjn@gmail.com,mklmkmmmmdmm,7867,676767,7677776767
kjnjknjnjn@gmail.com,mklmkmmmmdmm,7867,676767,7677776767
kjnjknjnjn@gmail.com,mklmkmmmmdmm,7867,676767,7677776767
kjnjknjnjn@gmail.com,mklmkmmmmdmm,7867,676767,7677776767
kjnjknjnjn@gmail.com,mklmkmmmmdmm,7867,676767,7677776767
kjnjknjnjn@gmail.com,mklmkmmmmdmm,7867,676767,7677776767
kjnjknjnjn@gmail.com,mklmkmmmmdmm,7867,676767,7677776767
kjnjknjnjn@gmail.com,mklmkmmmmdmm,7867,676767,7677776767
kjnjknjnjn@gmail.com,mklmkmmmmdmm,7867,676767,7677776767
kjnjknjnjn@gmail.com,mklmkmmmmdmm,7867,676767,7677776767
kjnjknjnjn@gmail.com,mklmkmmmmdmm,7867,676767,7677776767
kjnjknjnjn@gmail.com,mklmkmmmmdmm,7867,676767,7677776767
kjnjknjnjn@gmail.com,mklmkmmmmdmm,7867,676767,7677776767
kjnjknjnjn@gmail.com,mklmkmmmmdmm,7867,676767,7677776767
kjnjknjnjn@gmail.com,mklmkmmmmdmm,7867,676767,7677776767
kjnjknjnjn@gmail.com,mklmkmmmmdmm,7867,676767,7677776767
kjnjknjnjn@gmail.com,mklmkmmmmdmm,7867,676767,7677776767
kjnjknjnjn@gmail.com,mklmkmmmmdmm,7867,676767,7677776767
kjnjknjnjn@gmail.com,mklmkmmmmdmm,7867,676767,7677776767
kjnjknjnjn@gmail.com,mklmkmmmmdmm,7867,676767,7677776767
kjnjknjnjn@gmail.com,mklmkmmmmdmm,7867,676767,7677776767
kjnjknjnjn@gmail.com,mklmkmmmmdmm,7867,676767,7677776767
kjnjknjnjn@gmail.com,mklmkmmmmdmm,7867,676767,7677776767
kjnjknjnjn@gmail.com,mklmkmmmmdmm,7867,676767,7677776767
kjnjknjnjn@gmail.com,mklmkmmmmdmm,7867,676767,7677776767
kjnjknjnjn@gmail.com,mklmkmmmmdmm,7867,676767,7677776767
kjnjknjnjn@gmail.com,mklmkmmmmdmm,7867,676767,7677776767
kjnjknjnjn@gmail.com,mklmkmmmmdmm,7867,676767,7677776767
kjnjknjnjn@gmail.com,mklmkmmmmdmm,7867,676767,7677776767
kjnjknjnjn@gmail.com,mklmkmmmmdmm,7867,676767,7677776767
kjnjknjnjn@gmail.com,mklmkmmmmdmm,7867,676767,7677776767
kjnjknjnjn@gmail.com,mklmkmmmmdmm,7867,676767,7677776767
kjnjknjnjn@gmail.com,mklmkmmmmdmm,7867,676767,7677776767
kjnjknjnjn@gmail.com,mklmkmmmmdmm,7867,676767,7677776767
kjnjknjnjn@gmail.com,mklmkmmmmdmm,7867,676767,7677776767
kjnjknjnjn@gmail.com,mklmkmmmmdmm,7867,676767,7677776767
kjnjknjnjn@gmail.com,mklmkmmmmdmm,7867,676767,7677776767
kjnjknjnjn@gmail.com,mklmkmmmmdmm,7867,676767,7677776767
kjnjknjnjn@gmail.com,mklmkmmmmdmm,7867,676767,7677776767
kjnjknjnjn@gmail.com,mklmkmmmmdmm,7867,676767,7677776767
kjnjknjnjn@gmail.com,mklmkmmmmdmm,7867,676767,7677776767
kjnjknjnjn@gmail.com,mklmkmmmmdmm,7867,676767,7677776767
kjnjknjnjn@gmail.com,mklmkmmmmdmm,7867,676767,7677776767
kjnjknjnjn@gmail.com,mklmkmmmmdmm,7867,676767,7677776767
kjnjknjnjn@gmail.com,mklmkmmmmdmm,7867,676767,7677776767
kjnjknjnjn@gmail.com,mklmkmmmmdmm,7867,676767,7677776767
kjnjknjnjn@gmail.com,mklmkmmmmdmm,7867,676767,7677776767
kjnjknjnjn@gmail.com,mklmkmmmmdmm,7867,676767,7677776767
kjnjknjnjn@gmail.com,mklmkmmmmdmm,7867,676767,7677776767
kjnjknjnjn@gmail.com,mklmkmmmmdmm,7867,676767,7677776767
kjnjknjnjn@gmail.com,mklmkmmmmdmm,7867,676767,7677776767
kjnjknjnjn@gmail.com,mklmkmmmmdmm,7867,676767,7677776767
kjnjknjnjn@gmail.com,mklmkmmmmdmm,7867,676767,7677776767
kjnjknjnjn@gmail.com,mklmkmmmmdmm,7867,676767,7677776767
kjnjknjnjn@gmail.com,mklmkmmmmdmm,7867,676767,7677776767
kjnjknjnjn@gmail.com,mklmkmmmmdmm,7867,676767,7677776767
kjnjknjnjn@gmail.com,mklmkmmmmdmm,7867,676767,7677776767
kjnjknjnjn@gmail.com,mklmkmmmmdmm,7867,676767,7677776767
kjnjknjnjn@gmail.com,mklmkmmmmdmm,7867,676767,7677776767
kjnjknjnjn@gmail.com,mklmkmmmmdmm,7867,676767,7677776767
kjnjknjnjn@gmail.com,mklmkmmmmdmm,7867,676767,7677776767
kjnjknjnjn@gmail.com,mklmkmmmmdmm,7867,676767,7677776767
kjnjknjnjn@gmail.com,mklmkmmmmdmm,7867,676767,7677776767
kjnjknjnjn@gmail.com,mklmkmmmmdmm,7867,676767,7677776767
kjnjknjnjn@gmail.com,mklmkmmmmdmm,7867,676767,7677776767
kjnjknjnjn@gmail.com,mklmkmmmmdmm,7867,676767,7677776767
kjnjknjnjn@gmail.com,mklmkmmmmdmm,7867,676767,7677776767
kjnjknjnjn@gmail.com,mklmkmmmmdmm,7867,676767,7677776767
kjnjknjnjn@gmail.com,mklmkmmmmdmm,7867,676767,7677776767
kjnjknjnjn@gmail.com,mklmkmmmmdmm,7867,676767,7677776767
kjnjknjnjn@gmail.com,mklmkmmmmdmm,7867,676767,7677776767
kjnjknjnjn@gmail.com,mklmkmmmmdmm,7867,676767,7677776767
kjnjknjnjn@gmail.com,mklmkmmmmdmm,7867,676767,7677776767
kjnjknjnjn@gmail.com,mklmkmmmmdmm,7867,676767,7677776767
kjnjknjnjn@gmail.com,mklmkmmmmdmm,7867,676767,7677776767
kjnjknjnjn@gmail.com,mklmkmmmmdmm,7867,676767,7677776767
kjnjknjnjn@gmail.com,mklmkmmmmdmm,7867,676767,7677776767
kjnjknjnjn@gmail.com,mklmkmmmmdmm,7867,676767,7677776767
kjnjknjnjn@gmail.com,mklmkmmmmdmm,7867,676767,7677776767
kjnjknjnjn@gmail.com,mklmkmmmmdmm,7867,676767,7677776767
kjnjknjnjn@gmail.com,mklmkmmmmdmm,7867,676767,7677776767
kjnjknjnjn@gmail.com,mklmkmmmmdmm,7867,676767,7677776767
kjnjknjnjn@gmail.com,mklmkmmmmdmm,7867,676767,7677776767
kjnjknjnjn@gmail.com,mklmkmmmmdmm,7867,676767,7677776767
kjnjknjnjn@gmail.com,mklmkmmmmdmm,7867,676767,7677776767
kjnjknjnjn@gmail.com,mklmkmmmmdmm,7867,676767,7677776767
kjnjknjnjn@gmail.com,mklmkmmmmdmm,7867,676767,7677776767
kjnjknjnjn@gmail.com,mklmkmmmmdmm,7867,676767,7677776767
kjnjknjnjn@gmail.com,mklmkmmmmdmm,7867,676767,7677776767
kjnjknjnjn@gmail.com,mklmkmmmmdmm,7867,676767,7677776767
kjnjknjnjn@gmail.com,mklmkmmmmdmm,7867,676767,7677776767
kjnjknjnjn@gmail.com,mklmkmmmmdmm,7867,676767,7677776767
kjnjknjnjn@gmail.com,mklmkmmmmdmm,7867,676767,7677776767
kjnjknjnjn@gmail.com,mklmkmmmmdmm,7867,676767,7677776767
kjnjknjnjn@gmail.com,mklmkmmmmdmm,7867,676767,7677776767
kjnjknjnjn@gmail.com,mklmkmmmmdmm,7867,676767,7677776767
kjnjknjnjn@gmail.com,mklmkmmmmdmm,7867,676767,7677776767
kjnjknjnjn@gmail.com,mklmkmmmmdmm,7867,676767,7677776767
kjnjknjnjn@gmail.com,mklmkmmmmdmm,7867,676767,7677776767
kjnjknjnjn@gmail.com,mklmkmmmmdmm,7867,676767,7677776767
kjnjknjnjn@gmail.com,mklmkmmmmdmm,7867,676767,7677776767
kjnjknjnjn@gmail.com,mklmkmmmmdmm,7867,676767,7677776767
kjnjknjnjn@gmail.com,mklmkmmmmdmm,7867,676767,7677776767
kjnjknjnjn@gmail.com,mklmkmmmmdmm,7867,676767,7677776767
kjnjknjnjn@gmail.com,mklmkmmmmdmm,7867,676767,7677776767
kjnjknjnjn@gmail.com,mklmkmmmmdmm,7867,676767,7677776767
kjnjknjnjn@gmail.com,mklmkmmmmdmm,7867,676767,7677776767
kjnjknjnjn@gmail.com,mklmkmmmmdmm,7867,676767,7677776767
kjnjknjnjn@gmail.com,mklmkmmmmdmm,7867,676767,7677776767
kjnjknjnjn@gmail.com,mklmkmmmmdmm,7867,676767,7677776767
kjnjknjnjn@gmail.com,mklmkmmmmdmm,7867,676767,7677776767
kjnjknjnjn@gmail.com,mklmkmmmmdmm,7867,676767,7677776767
kjnjknjnjn@gmail.com,mklmkmmmmdmm,7867,676767,7677776767
kjnjknjnjn@gmail.com,mklmkmmmmdmm,7867,676767,7677776767
kjnjknjnjn@gmail.com,mklmkmmmmdmm,7867,676767,7677776767
kjnjknjnjn@gmail.com,mklmkmmmmdmm,7867,676767,7677776767
kjnjknjnjn@gmail.com,mklmkmmmmdmm,7867,676767,7677776767
kjnjknjnjn@gmail.com,mklmkmmmmdmm,7867,676767,7677776767
kjnjknjnjn@gmail.com,mklmkmmmmdmm,7867,676767,7677776767
kjnjknjnjn@gmail.com,mklmkmmmmdmm,7867,676767,7677776767
kjnjknjnjn@gmail.com,mklmkmmmmdmm,7867,676767,7677776767
kjnjknjnjn@gmail.com,mklmkmmmmdmm,7867,676767,7677776767
kjnjknjnjn@gmail.com,mklmkmmmmdmm,7867,676767,7677776767
kjnjknjnjn@gmail.com,mklmkmmmmdmm,7867,676767,7677776767
kjnjknjnjn@gmail.com,mklmkmmmmdmm,7867,676767,7677776767
kjnjknjnjn@gmail.com,mklmkmmmmdmm,7867,676767,7677776767
kjnjknjnjn@gmail.com,mklmkmmmmdmm,7867,676767,7677776767
kjnjknjnjn@gmail.com,mklmkmmmmdmm,7867,676767,7677776767
kjnjknjnjn@gmail.com,mklmkmmmmdmm,7867,676767,7677776767
kjnjknjnjn@gmail.com,mklmkmmmmdmm,7867,676767,7677776767
kjnjknjnjn@gmail.com,mklmkmmmmdmm,7867,676767,7677776767
kjnjknjnjn@gmail.com,mklmkmmmmdmm,7867,676767,7677776767
kjnjknjnjn@gmail.com,mklmkmmmmdmm,7867,676767,7677776767
kjnjknjnjn@gmail.com,mklmkmmmmdmm,7867,676767,7677776767
kjnjknjnjn@gmail.com,mklmkmmmmdmm,7867,676767,7677776767
kjnjknjnjn@gmail.com,mklmkmmmmdmm,7867,676767,7677776767
kjnjknjnjn@gmail.com,mklmkmmmmdmm,7867,676767,7677776767
kjnjknjnjn@gmail.com,mklmkmmmmdmm,7867,676767,7677776767
kjnjknjnjn@gmail.com,mklmkmmmmdmm,7867,676767,7677776767
kjnjknjnjn@gmail.com,mklmkmmmmdmm,7867,676767,7677776767
kjnjknjnjn@gmail.com,mklmkmmmmdmm,7867,676767,7677776767
kjnjknjnjn@gmail.com,mklmkmmmmdmm,7867,676767,7677776767
kjnjknjnjn@gmail.com,mklmkmmmmdmm,7867,676767,7677776767
kjnjknjnjn@gmail.com,mklmkmmmmdmm,7867,676767,7677776767
kjnjknjnjn@gmail.com,mklmkmmmmdmm,7867,676767,7677776767
kjnjknjnjn@gmail.com,mklmkmmmmdmm,7867,676767,7677776767
kjnjknjnjn@gmail.com,mklmkmmmmdmm,7867,676767,7677776767
kjnjknjnjn@gmail.com,mklmkmmmmdmm,7867,676767,7677776767
kjnjknjnjn@gmail.com,mklmkmmmmdmm,7867,676767,7677776767
kjnjknjnjn@gmail.com,mklmkmmmmdmm,7867,676767,7677776767
kjnjknjnjn@gmail.com,mklmkmmmmdmm,7867,676767,7677776767
kjnjknjnjn@gmail.com,mklmkmmmmdmm,7867,676767,7677776767
kjnjknjnjn@gmail.com,mklmkmmmmdmm,7867,676767,7677776767
kjnjknjnjn@gmail.com,mklmkmmmmdmm,7867,676767,7677776767
kjnjknjnjn@gmail.com,mklmkmmmmdmm,7867,676767,7677776767
kjnjknjnjn@gmail.com,mklmkmmmmdmm,7867,676767,7677776767
kjnjknjnjn@gmail.com,mklmkmmmmdmm,7867,676767,7677776767
kjnjknjnjn@gmail.com,mklmkmmmmdmm,7867,676767,7677776767
kjnjknjnjn@gmail.com,mklmkmmmmdmm,7867,676767,7677776767
kjnjknjnjn@gmail.com,mklmkmmmmdmm,7867,676767,7677776767
kjnjknjnjn@gmail.com,mklmkmmmmdmm,7867,676767,7677776767
kjnjknjnjn@gmail.com,mklmkmmmmdmm,0,676767,7677776767
kjnjknjnjn@gmail.com,mklmkmmmmdmm,1,676767,7677776767
kjnjknjnjn@gmail.com,mklmkmmmmdmm,2,676767,7677776767
kjnjknjnjn@gmail.com,mklmkmmmmdmm,3,676767,7677776767
kjnjknjnjn@gmail.com,mklmkmmmmdmm,4,676767,7677776767
kjnjknjnjn@gmail.com,mklmkmmmmdmm,5,676767,7677776767
kjnjknjnjn@gmail.com,mklmkmmmmdmm,6,676767,7677776767
kjnjknjnjn@gmail.com,mklmkmmmmdmm,7,676767,7677776767
kjnjknjnjn@gmail.com,mklmkmmmmdmm,8,676767,7677776767
kjnjknjnjn@gmail.com,mklmkmmmmdmm,9,676767,7677776767
kjnjknjnjn@gmail.com,mklmkmmmmdmm,10,676767,7677776767
kjnjknjnjn@gmail.com,mklmkmmmmdmm,11,676767,7677776767
kjnjknjnjn@gmail.com,mklmkmmmmdmm,12,676767,7677776767
kjnjknjnjn@gmail.com,mklmkmmmmdmm,14,676767,7677776767
kjnjknjnjn@gmail.com,mklmkmmmmdmm,15,676767,7677776767
kjnjknjnjn@gmail.com,mklmkmmmmdmm,16,676767,7677776767
kjnjknjnjn@gmail.com,mklmkmmmmdmm,17,676767,7677776767
kjnjknjnjn@gmail.com,mklmkmmmmdmm,18,676767,7677776767
kjnjknjnjn@gmail.com,mklmkmmmmdmm,19,676767,7677776767
kjnjknjnjn@gmail.com,mklmkmmmmdmm,20,676767,7677776767
kjnjknjnjn@gmail.com,mklmkmmmmdmm,21,676767,7677776767
kjnjknjnjn@gmail.com,mklmkmmmmdmm,22,676767,7677776767
kjnjknjnjn@gmail.com,mklmkmmmmdmm,23,676767,7677776767
kjnjknjnjn@gmail.com,mklmkmmmmdmm,24,676767,7677776767
kjnjknjnjn@gmail.com,mklmkmmmmdmm,25,676767,7677776767
kjnjknjnjn@gmail.com,mklmkmmmmdmm,26,676767,7677776767
kjnjknjnjn@gmail.com,mklmkmmmmdmm,27,676767,7677776767
kjnjknjnjn@gmail.com,mklmkmmmmdmm,28,676767,7677776767
kjnjknjnjn@gmail.com,mklmkmmmmdmm,29,676767,7677776767
kjnjknjnjn@gmail.com,mklmkmmmmdmm,7867,676767,7677776767
kjnjknjnjn@gmail.com,mklmkmmmmdmm,7867,676767,7677776767
kjnjknjnjn@gmail.com,mklmkmmmmdmm,7867,676767,7677776767
kjnjknjnjn@gmail.com,mklmkmmmmdmm,7867,676767,7677776767
kjnjknjnjn@gmail.com,mklmkmmmmdmm,7867,676767,7677776767
kjnjknjnjn@gmail.com,mklmkmmmmdmm,7867,676767,7677776767
kjnjknjnjn@gmail.com,mklmkmmmmdmm,7867,676767,7677776767
kjnjknjnjn@gmail.com,mklmkmmmmdmm,7867,676767,7677776767
kjnjknjnjn@gmail.com,mklmkmmmmdmm,7867,676767,7677776767
kjnjknjnjn@gmail.com,mklmkmmmmdmm,7867,676767,7677776767
kjnjknjnjn@gmail.com,mklmkmmmmdmm,7867,676767,7677776767
kjnjknjnjn@gmail.com,mklmkmmmmdmm,7867,676767,7677776767
kjnjknjnjn@gmail.com,mklmkmmmmdmm,7867,676767,7677776767
kjnjknjnjn@gmail.com,mklmkmmmmdmm,7867,676767,7677776767
kjnjknjnjn@gmail.com,mklmkmmmmdmm,7867,676767,7677776767
kjnjknjnjn@gmail.com,mklmkmmmmdmm,7867,676767,7677776767
kjnjknjnjn@gmail.com,mklmkmmmmdmm,7867,676767,7677776767
kjnjknjnjn@gmail.com,mklmkmmmmdmm,7867,676767,7677776767
kjnjknjnjn@gmail.com,mklmkmmmmdmm,7867,676767,7677776767
kjnjknjnjn@gmail.com,mklmkmmmmdmm,7867,676767,7677776767
kjnjknjnjn@gmail.com,mklmkmmmmdmm,7867,676767,7677776767
kjnjknjnjn@gmail.com,mklmkmmmmdmm,7867,676767,7677776767
kjnjknjnjn@gmail.com,mklmkmmmmdmm,7867,676767,7677776767
kjnjknjnjn@gmail.com,mklmkmmmmdmm,7867,676767,7677776767
kjnjknjnjn@gmail.com,mklmkmmmmdmm,7867,676767,7677776767
kjnjknjnjn@gmail.com,mklmkmmmmdmm,7867,676767,7677776767
kjnjknjnjn@gmail.com,mklmkmmmmdmm,7867,676767,7677776767
kjnjknjnjn@gmail.com,mklmkmmmmdmm,7867,676767,7677776767
kjnjknjnjn@gmail.com,mklmkmmmmdmm,7867,676767,7677776767
kjnjknjnjn@gmail.com,mklmkmmmmdmm,7867,676767,7677776767
kjnjknjnjn@gmail.com,mklmkmmmmdmm,7867,676767,7677776767
kjnjknjnjn@gmail.com,mklmkmmmmdmm,7867,676767,7677776767
kjnjknjnjn@gmail.com,mklmkmmmmdmm,7867,676767,7677776767
kjnjknjnjn@gmail.com,mklmkmmmmdmm,7867,676767,7677776767
kjnjknjnjn@gmail.com,mklmkmmmmdmm,7867,676767,7677776767
kjnjknjnjn@gmail.com,mklmkmmmmdmm,7867,676767,7677776767
kjnjknjnjn@gmail.com,mklmkmmmmdmm,7867,676767,7677776767
kjnjknjnjn@gmail.com,mklmkmmmmdmm,7867,676767,7677776767
kjnjknjnjn@gmail.com,mklmkmmmmdmm,7867,676767,7677776767
kjnjknjnjn@gmail.com,mklmkmmmmdmm,7867,676767,7677776767
kjnjknjnjn@gmail.com,mklmkmmmmdmm,7867,676767,7677776767
kjnjknjnjn@gmail.com,mklmkmmmmdmm,7867,676767,7677776767
kjnjknjnjn@gmail.com,mklmkmmmmdmm,7867,676767,7677776767